bsh;tr;ti;det;quote;ill;tam;synt;matrix;other evids;m_tam;sp;pron
Аjəu aɣaj, tor äle, tor, ana (majðarəŋ)Тölkönöŋ majðarə bötönläj aɣəp böttö, tip ujata ikän;Brother Bear wake up, wake up, all the butter leaked from the Fox;tip; tip PC.PST ;Аjəu aɣaj, tor äle, tor, ana (majðarəŋ)Тölkönöŋ majðarə bötönläj aɣəp bött;strong;IMP;RQM;think;yes;PC.PST;ZF;IMP
bəl qaððarðə nisek totorɣa ikän tip xäjlä qora bašlaɣan;she began to think of how to grab these geese;tip; tip PC.PST ;bəl qaððarðə nisek totorɣa ikän;medium;PC.PST;RQM;think;yes;PC.PST;;
häm bəl sülmäkte xäðer inähe bulmaɣas inde alərɣa miŋä vaqət etkänder tip ujlaɣan da qəðəqaj sülmäkte alɣan ti;"And she thought: ""My mother is not here anymore, so I can take this pot"" – and she took the pot.";tip; tip PC.PST ; inähe bulmaɣas inde alərɣa miŋä vaqət etkänder;low;PC.PST;RQM;think;yes;non-verbal;ZF;1SG
hiðmähendär ä min hine šul šešqolaqtarəndan höjräp kenä aləp kitermen miŋä aðəq bulərhən tip ujlaɣan ikän;"and I will catch you by your ears and eat you"" – that is what she was thinking.";tip;tip PC.PST ikän;hiðmähendär ä min hine šul šešqolaqtarəndan höjräp kenä aləp kitermen miŋä aðəq bulərhə;strong;POT;RQM;think;yes;PC.PST;ZF;1SG/2SG
kejenmägän dä šaršauɣa töröngän atlə la tügel ul käzä täkähenä atlanɣan häm büläge qajða ikän tip ujlap ta ölgörmäj;She was not dressed, she was wrapped up in curtains, she was not on a horse, she was on a donkey, he did not have time to think where is a gift.;tip;tip V (thought);häm büläge qajða ikän;low;PC.PST;RQM;think;no;PRS;;
(babaj) babajðə aləp kilälär harajɣa babaj bik nəq qurqa nindäj zəjan ešlänem ikän tip ujlaj;They led the old man to the palace, the old man is very afraid and he thinks what have I done to the tsar.;tip;tip V (thought);nindäj zəjan ešlänem ikän;strong;PC.PST;RQM;think;no;PRS;;
küðätep torɣan da bəlarðə nisek itep xäjläläp ašajəm ikän tip ujlaɣan;She watched and thought how can I trick and eat them.;tip; tip PC.PST ;bəlarðə nisek itep xäjläläp ašajəm ikän;medium;PC.PST;lmRQM;think;yes;PC.PST;;
batša bik qänäɣät qalɣan bənə qajðan belde ikän tip ujɣa töšhä lä horamaɣan;The tsar was satisfied, even though he wondered how he knew, he did not ask.;tip; tip PC.PST ;qajðan belde ikän;medium;PC.PST;lmRQM;think;yes;PC.PST;;
xäðer Ҡujan ujlap jata ikän, - bəl Аjəu menä almaj öj bašəna bəl moɣajən Тölkö apajðəŋ ešeler, min bögön nisek bulha la joqlamaθqa tərəšajəm äle, tip ujlaj ikän;and the Hare lies and thinks, Brother Bear cannot climb, for sure this is Sister Fox, I will try not to fall asleep;tip;tip V ikän; bəl Аjəu menä almaj öj bašəna bəl moɣajən Тölkö apajðəŋ ešeler, min bögön nisek bulha la joqlamaθqa tərəšajəm äle;medium;PRS;lmRQM;think;yes;PC.PST;ZF;1SG
šunan huŋ qatənə ujlanɣan ujlanɣan da bəl nämä buldə inde  uq nisek äjtmäj tüðäjem batšaɣa barəp äjtäjem äle min anə tip;"no, how can I not to tell (this)? I will go to a rich man"" – she said.";tip;tip (frame);uq nisek äjtmäj tüðäjem batšaɣa barəp äjtäjem äle min anə;medium;PRS;MRQ;think;yes;PC.PST;;
šunan inde ul ujla-ɣan inde Äbjälil ulaj tip kütär-ep jörö-t-ä al-maθ ul at-tə tip ;Потом он думал, что Абзелил, мол, не сможет так поднять и носить этого коня.;tip;tip (frame);Äbjälil ulaj tip kütär-ep jörö-t-ä al-maθ ul at-tə;low;PRS;MRQ;think;yes;PC.PST;;
bənə qalaj itep jazalarɣa, nisek itep bašən qərqərɣa ikän tip;how to punish him, how to cut his head off;tip;tip (frame)(thought);bənə qalaj itep jazalarɣa, nisek itep bašən qərqərɣa ikän;low;PC.PST;RQ;think;yes;PRS;;
-ulaj bulɣas, tip äjtkän Аjəu,-;So, says the Bear, -;tip; tip PC.PST ;-ulaj bulɣas;low;non-verbal;RQM;tell;yes;PC.PST;;
Мineŋ uləmdəŋ qolaqtarə məna minekenä oqšap oðon, šeš qolaq, šešeberäk tora, tip äjtä ikän;My son has ears like mine, long, lop-eared – he said.;tip;tip V ikän;Мineŋ uləmdəŋ qolaqtarə məna minekenä oqšap oðon, šeš qolaq, šešeberäk tora;low;PRS;RQM;tell;yes;PC.PST;;
xäðer qolon attəqəmə ällä arbanəqəmə ikän belmäjbeð šunəŋ ösön talašabəð tip äjtä ikän;now we don't know to whom belongs the foal: to the horse or to the cart, that is why we are arguing – they said;tip;tip V ikän;xäðer qolon attəqəmə ällä arbanəqəmə ikän belmäjbeð šunəŋ ösön talašabəð;medium;PRS;RQM;tell;yes;PC.PST;;
ulaj bulɣas hin uləŋa Jügerek tip isem quš-tip äjtkän ti;Alright, call him Runner then – he said;tip;tip PC.PST ti;ulaj bulɣas hin uləŋa Jügerek tip isem quš-;strong;IMP;RQM;tell;yes;PC.PST;ZF;IMP
xäðer hin kisäge matur äjberðäreŋde kej häm uram bujəna səq irtänsäk matur itep kejen dä jəuən da tip äjtkän ti;"Put on your beautiful clothes from yesterday and go to the street, dress up, clean yourself"" – said (the mother).";tip;tip PC.PST ti;hin kisäge matur äjberðäreŋde kej häm uram bujəna səq irtänsäk matur itep kejen dä jəuən da;strong;IMP;RQM;tell;yes;PC.PST;;
qəðəqaj asma tip äjtkän ti;Daughter, don't open this pot, you can use it only after my death – she said. In the meantime, they just left it.;tip;tip PC.PST ikän ti;qəðəqaj asma;strong;IMP;RQM;tell;yes;PC.PST;ZF;IMP
bəna bögön ut jaɣabəð ut jaɣabəð ða, šul ut ergähendä ultərabəð, kemebeððän maj səɣa, šul majðə ašaɣan bula, tip äjtä ti; today we will light a fire and we will all sit near the fire, from whom the butter comes out, so it is (s)he who ate it.;tip;tip V ti;bəna bögön ut jaɣabəð ut jaɣabəð ða, šul ut ergähendä ultərabəð, kemebeððän maj səɣa, šul majðə ašaɣan bula,;medium;PRS;RQM;tell;yes;PC.PST;ZF;1PL
ulaj bulɣas hin uləŋa Шešqolaq tip isem quš tip äjtä tej;So, call him lop-eared then – she said.;tip;tip V ti;ulaj bulɣas hin uləŋa Шešqolaq tip isem quš;strong;IMP;RQM;tell;yes;PRS;;
xäðer ujanhalar taɣə la -məna Аjəu ašaɣan, tip äjtä ti Тölkö;"when he woke up, Fox again ""the Bear ate it""";tip;tip V ti;məna Аjəu ašaɣan;medium;PC.PST;RQM;tell;yes;PRS;;
šunan nisek-ter küp keše šulajt-əp äjt-ep šul Gäjnetdin kit-ä al-ma-j ošo ike donja ara-hə-nda tor-op qal-ɣan tip äjt-ä-lär inde ;И вот как... каким-то образом... многие люди так говорят, что этот Гайнетдин не может уйти, между этих двух миров остался, говорят.;tip;tip V ti;šunan nisek-ter küp keše šulajt-əp äjt-ep šul Gäjnetdin kit-ä al-ma-j ošo ike donja ara-hə-nda tor-op qal-ɣan;low;PC.PST;RQM;tell;yes;PRS;;
ajaqtarə uləmdəŋ eteð šäp bejep kenä toralar jügerep toralar tip äjtä tej;My son's feet are solid, quick, they dance and run – he said.;tip;tip V ti;ajaqtarə uləmdəŋ eteð šäp bejep kenä toralar jügerep torala;low;PRS;RQM;tell;yes;PRS;;
-juq, tip äjtä ti Аjəu,-bögön min joqlamajəm, tip äjtä ti Аjəu, -äjðä bögön nəq itep küp itep utən tašəjəjbəð;No, – says the Bear - today I won't sleep, - let's bring a lot of firewood today;tip;tip V ti;bögön min joqlamajəm,;medium;PRS;RQM;tell;yes;PRS;;
-ulaj bulɣas, tip äjtkän Аjəu,- bəna bögön ut jaɣabəð ut jaɣabəð ða, šul ut ergähendä ultərabəð, kemebeððän maj səɣa, šul majðə ašaɣan bula, tip äjtä ti;So, says the Bear, - today we will light a fire and we will all sit near the fire, from whom the butter comes out, so it is (s)he who ate it.;tip;tip V ti;bəna bögön ut jaɣabəð ut jaɣabəð ða, šul ut ergähendä ultərabəð, kemebeððän maj səɣa, šul majðə ašaɣan bula;medium;PRS;RQM;tell;yes;PRS;;
ir menän qatən-ə-nəŋ ara-hə-na ker-ep räxätlän-der-ep joqla-j-əm ike-he-n ike jaq-qa it-ep ber berehe-n menän ireš-ter-ep it-ter-ep məna šunan šulaj tip äjt-ä tej inde ;"Между мужем и женой ложусь, с удовольствием сплю, отодвигая их в [разные] две стороны, ссоря их друг с другом, то есть ссоря... Вот потому так"", - говорит.";tip;tip V ti;ir menän qatən-ə-nəŋ ara-hə-na ker-ep räxätlän-der-ep joqla-j-əm ike-he-n ike jaq-qa it-ep ber berehe-n menän ireš-ter-ep it-ter-ep məna šunan šulaj;medium;PRS;RQM;tell;yes;PRS;;
xäðer - min bögön joqlamajəm tip äjtä ti;Today I won't sleep  – said (Bear).;tip;tip V ti;min bögön joqlamajəm;medium;PRS;RQM;tell;yes;PRS;;
-jä nisek nindäj isem quštəŋ -Тöpsök bala, tip quštəm tip äjtä ti, šunan jaraj;"And what did you call (him)? ""I called (him) the Youngest child"" she said, ""Okay"".";tip;tip V ti;Тöpsök bala, tip quštəm;low;PST;RQM;tell;yes;PRS;ZF;1SG
bötmäjensä, bar ɣəna ber ikmäkte vis kenä qərqəp öläšep ašattə la qujðə, məna ul qajða ul tiv äjtä tej tege;not having finished that bread, she took (the bread) and cut everything he said;tip;tip V ti;bötmäjensä, bar ɣəna ber ikmäkte vis kenä qərqəp öläšep ašattə la qujðə, məna ul qajða ul;low;PST;RQM;tell;yes;PRS;;
zäŋgär küð tip äjtä ti;(His eyes) are blue, he says.;tip;tip V ti;zäŋgär küð;low;non-verbal;RQM;tell;yes;PRS;ZF;0
-min tügel, tip äjtä ti Ҡujan, -min dä tügel, tip äjtä ti Тölkö, Аjəu äjtä ti -min ašamanəm, min öj bašəna menä lä almajəm, tip äjtä ti;"It's not me – says the Hare, ""And not me"" – says the Fox, the Bear: ""And not me"", ""I can't even climb onto the roof of the house"" she (Fox) said";tip;tip V ti;min tügel;medium;non-verbal;RQM;tell;yes;PRS;;
-min tügel, tip äjtä ti Ҡujan, -min dä tügel, tip äjtä ti Тölkö, Аjəu äjtä ti -min ašamanəm, min öj bašəna menä lä almajəm, tip äjtä ti;"It's not me – says the Hare, ""And not me"" – says the Fox, the Bear: ""And not me"", ""I can't even climb onto the roof of the house"" she (Fox) said";tip;tip V ti;min dä tügel;medium;non-verbal;RQM;tell;yes;PRS;;
matur qolaqtarə jomšaq təna tip äjtä ikän ti;... beautiful, soft ears – he said.;tip;tip V ikän ti;matur qolaqtarə jomšaq təna;low;non-verbal;RQM;tell;yes;PC.PST;ZF;0
hineŋ uləŋdəŋ qolaqtarə nindäj tip äjtä ikän ti;How are the ears of your son? – she asked.;tip;tip V ikän ti;hineŋ uləŋdəŋ qolaqtarə nindäj ;strong;non-verbal;RQM;tell;yes;PC.PST;;
min barham bit xan kešemen, nimä tip äjtermen, nimä tip tanəštərərmən, tip äjtä inde;if I go, I am a khan, what would I tell, how will I present myself, he said;tip;tip V;min barham bit xan kešemen, nimä tip äjtermen, nimä tip tanəštərərmən;medium;POT;RQM;tell;no;PRS;;
ulaj tip öjrätäheŋ tip äjthä;so, he said, you learn, he said.;tip;tip V;ulaj tip öjrätäheŋ;medium;IMP;RQM;tell;no;COND;;
min heððeŋ olatajəɣəððəŋ olatahənəŋ olatahənəŋ duθə inem tip äjtermen;I will tell that I am a friend of your (his) great-grandfather;tip;tip V;min heððeŋ olatajəɣəððəŋ olatahənəŋ olatahənəŋ duθə inem;low;PST;RQM;tell;no;POT;;
šunan huŋ juq min üð tormošom menän jäšäjem tip räxmät tigän bəl bašlə jeget;Then: No, I'm living my life, thank you – said the guy.;tip;tip PC.PST;šunan huŋ juq min üð tormošom menän jäšäjem;medium;PRS;RQM;tell;no;non-verbal;;
qəðəqaj irtänsäk torɣan da kön matur qojašlə bulɣan ti matur itep äjberðären kejgän ti biðängän ti biðäüestäre menän häm uram bujəna səɣəp kitkän ti häm auəldaštarə qəððə tanəmajðar bəl qajðan jat qəð kilgän tip äjtälär ikän;"The girl woke up in the morning, the day was sunny, she dressed up, she put her jewelry on, she goes to the street, on the street the people in the village did not recognize her, they said ""Where did this unknown girl come from?""";tip;tip V ikän;häm auəldaštarə qəððə tanəmajðar bəl qajðan jat qəð kilgän;medium;PC.PST;lmRQM;tell;yes;PC.PST;;
šunan huŋ barɣan da äj hine batša saqərta hin keše ültergäneŋ hine jazaɣa tarttəralar tip barəp äjtä ikän;"Then he came up and said: ""Hey, the rich man is calling you, you killed a man, they will punish you"".";tip;tip V ikän;šunan huŋ barɣan da äj hine batša saqərta hin keše ültergäneŋ hine jazaɣa tarttəralar;strong;PRS;lmRQM;tell;yes;PC.PST;;
xäðer bəl aptərap səqqan da üð qəðən üðe tanəmaj tora ikän qəðəqaj jəlmajəp ataj bəl bit min tip äjtä ikän atahə qəðən kilep qosaqlap alɣan;"He came back puzzled not being able to recognize his daughter, but with a smile the girl says: ""Dad, it's me"". The father came and hugged her tight.";tip;tip V ikän;ataj bəl bit min;medium;non-verbal;lmRQM;tell;yes;PC.PST;;
bəna Тölkö qəsqərəp jörögän ti -ana majðə Аjəu ašaɣan, tip äjtä ti,-ana unəŋ täne majlə;"and the Fox went and screamed: ""The Bear ate all the butter, he has butter on his body!""";tip;tip V ti;ana majðə Аjəu ašaɣan;medium;PC.PST;lmRQM;tell;yes;PRS;ZF;0
ikensehe äjtä ikän mineŋ arbam qolonlaɣan tip;another one said: my cart foaled;tip;tip (frame);mineŋ arbam qolonlaɣan;low;PC.PST;MRQ;tell;yes;PC.PST;YNK;1SG
berehe äjtä ikän mineŋ atəm qolonlaɣan tip;one of them said: my horse foaled;tip;tip (frame);mineŋ atəm qolonlaɣan;low;PC.PST;MRQ;tell;yes;PC.PST;;
batšaɣa barəp äjtkän ti käbärkägä haləp qujðə toq esendä jata tip;"he left him in the larder, inside a bag"".";tip;tip (frame);käbärkägä haləp qujðə toq esendä jata;low;PRS;MRQ;tell;yes;PC.PST;;
häm ular jəj-əl-əp kil-ep Äbjälil-gä äjt-kän-där šul aždaha-nə hin jeŋ-ä al-maθ-həŋ mikän kül äräm bul-a bit tip ;"И они собрались, пришли и сказали Абзелилу: ""Не сможешь ли победить этого дракона, озеро пропадает?";tip;tip (frame);šul aždaha-nə hin jeŋ-ä al-maθ-həŋ mikän kül äräm bul-a bit;strong;PRS;MRQ;tell;yes;PC.PST;;
ajta qujan kilä tip bəlar qurqmaj ɣəna jöröhälär qujandan qurqmahalar;“The hare is coming”, they are walking and they are not afraid.;tip;tip (frame);qujan kilä ;low;PRS;MRQM;tell;no;PRS;ZF;
məna Тölkö šulaj ða äjtä ti -Аna la ha qaraɣəð mineŋ ber majəm juq qoro höjäkmen, ä Аjəu aɣajðəŋ majən kürmäjhegeðme ni, tip äjtä ti;"and the Fox was still saying: ""Look, I have no butter at all, only bones, and you look at Brother Bear's butter""";tip;tip V ti;Аna la ha qaraɣəð mineŋ ber majəm juq qoro höjäkmen, ä Аjəu aɣajðəŋ majən kürmäjhegeðme ni;medium;PRS;MRQM;tell;yes;PRS;ZF;1SG/2SG
-min tügel, tip äjtä ti Ҡujan, -min dä tügel, tip äjtä ti Тölkö, Аjəu äjtä ti -min ašamanəm, min öj bašəna menä lä almajəm, tip äjtä ti;"It's not me – says the Hare, ""And not me"" – says the Fox, the Bear: ""And not me"", ""I can't even climb onto the roof of the house"" she (Fox) said";tip;tip V ti;min ašamanəm, min öj bašəna menä lä almajəm;medium;PRS;MRQM;tell;yes;PRS;;
Аjəw äjtä ti -juq min ašamanəm üðegeð belähegeð min öj bašəna menä lä almajəm, tip äjtä ti -äjðä jaŋənan ut jaɣabəð;"The bear says: ""No, I didn't eat it, you know I can't climb to the roof, let's light the fire again"".";tip;tip V ti;juq min ašamanəm üðegeð belähegeð min öj bašəna menä lä almajəm;medium;PRS;MRQM;tell;yes;PRS;;
xäðer bəlar äjtä ikän -jä, ajəu äjtä ikän, - kemegeð ašanə äjðä äjtegeð tip äjtä ti;"all tell: ""And so?"" the bear says: ""Which of you ate everything? Tell (me)!"" – he said.";tip; tip V ti;kemegeð ašanə äjðä äjtegeð;strong;IMP;MRQM;tell;yes;PRS;ZF;2PL
išäkteŋ qajða ikänen belgäs mineŋ išägemde hin urlaɣanhəŋ äjðä kittek batšaɣa tip aləp kitkän bəl julsənə;since you know where my donkey is, then you stole it, let's go to the king. So, he led the traveler.;tip; tip PC.PST ;äjðä kittek batšaɣa;strong;IMP;RQM;go;yes;PC.PST;;
təšta ultərmajəq təš... öjðä halqənəraq ta tip öjgä aləp inep kitä;we won’t sit on the street, it’s cooler at home, he says and takes him home;tip; tip PC.PST ;təšta ultərmajəq təš... öjðä halqənəraq ta;medium;non-verbal;RQM;go;yes;PRS;;
ber kemgä lä äjtep qujma tip taqətəp qujɣan;"be prudent, do not tell anyone"" – he was repeating.";tip; tip PC.PST ;90;strong;IMP;RQM;repeat;yes;PC.PST;ZF;IMP
ike qəðəqaj bulɣandar ügäj inä jomro jomɣaɣəŋdə eðläp tapØ tip səɣarəp ebärgän;there were two girls, the stepmother ordered one (the orphan) to find a round ball and chase it;tip; tip PC.PST ;tapØ ;strong;IMP;RQM;send;yes;PC.PST;;
juq, ütep kitte ul šul jaqqa tip aldap evärgän;no, he went that way, so he deceived them;tip; tip PC.PST ;juq, ütep kitte ul šul jaqqa;medium;PST;RQM;send;yes;PC.PST;;
bəna šunə belhä ägär belmähäŋ min hineŋ bašəŋdə kiθteräm irtägä kilerheŋ tip babajðə qajtjrəp ebärä;So, if you know it, if you don't know it, I will order to cut your head off, come tomorrow! – and he sent the old man to his place.;tip;tip V;bəna šunə belhä ägär belmähäŋ min hineŋ bašəŋdə kiθteräm irtägä kilerheŋ;strong;IMP;RQM;send;no;PRS;;
donъjala iŋ šäp nimä ikän šunə belep kil irtägä kilerheŋ tip qajtarəp ebärä;What is the quickest (thing) in the world? Figure out what it is and come back tomorrow. – he said.;tip;tip V;donъjala iŋ šäp nimä ikän šunə belep kil irtägä kilerheŋ;strong;IMP;RQM;send;no;PRS;;
xäðer bəl qəðəqaj qajtha tege üðeneŋ qəðən səɣarəp ebärgän bar hindä bajəɣəp qajtəp kilØ tip;when that girl (the orphan) returned, the stepmother sent her own daughter out, saying go and come back rich;tip; tip PC.PST ;kilØ;strong;IMP;lmRQ;send;yes;PC.PST;;
här waqət batər här waqət batər bul-Ø tip qəsqər-ɣan ;Всегда герой... всегда будь героем - прокричала она.;tip; tip PC.PST ;här waqət batər här waqət batər bul-Ø;strong;IMP;RQM;scream;yes;PC.PST;;
-nisek juq, tip ajəw qəsqərəp ebärgän;Why not? – the Bear cried;tip; tip PC.PST ;nisek juq;strong;non-verbal;RQM;scream;yes;PC.PST;;
hine xäðer üðeŋde ülterälär un hum aqsamdə ber tiðeräk tip qəsqəra ikän;they will kill you now, give me back my 10 rubles quickly.;tip;tip PC.PST ikän;hine xäðer üðeŋde ülterälär un hum aqsamdə ber tiðeräk;strong;IMP;RQM;scream;yes;PC.PST;;
tölkö öjðän səqmajəm tip qəsqərɣan;they came, they said, go away, fox, and the fox screams I won’t leave the house;tip; tip PC.PST ;öjðän səqmajəm;medium;PRS;lmRQM;scream;yes;PC.PST;;
šul xäðäre oðaq jügerälär, jalənəp, kire borol, inte alajtmajvəð tip;they run for so long screaming come back, we won’t do that;tip;tip (frame);alajtmajvəð;medium;PRS;lmRQ;scream;no;PRS;;
šunan huŋ ber keše min baram min baram tip qəsqərəp səqqan;"then someone came out, shouting: ""I will go, I will go!""";tip; tip PC.PST ;min baram min baram;medium;PRS;nmRQM;scream;yes;PC.PST;;
məna huqər ikänen dä beläheŋ satan ikänen dä beläheŋ qojroɣonoŋ qəθqa ikänen dä beläheŋ timäk hin urlaɣanhəŋ hindä mineŋ išäk bir mineŋ išäkte tip bäjlängän bəɣa;So you know that it is blind, and that one leg is lame, and that the tail is short, so you stole it, you have my ass, give it to me - he said next (to him).;tip; tip PC.PST ;mineŋ išäk bir mineŋ išäkte;strong;IMP;RQM;attach;yes;PC.PST;;
šunan šulaj ða batša min hinän horajəm äle hineŋ atajəŋ barmə tip horaɣan;Then: “Alright, king, I ask you, do you have a father?”;tip; tip PC.PST ;šulaj ða batša min hinän horajəm äle hineŋ atajəŋ barmə;strong;non-verbal;RQM;ask;yes;PC.PST;;
ni ösön hin šulaj ni ösön hin šulaj tip horaša bašlaɣan ti;"why did you do this so? why did you do that so?"" – he began to ask.";tip;tip PC.PST ti;ni ösön hin šulaj ni ösön hin šula;strong;non-verbal;RQM;ask;yes;PC.PST;;
nisäšären ber aləp kilde ikän tip bəl qəðəqhənəp horaj;how many (logs) did (your horse) drag at one time? - he is curious;tip;tip V;nisäšären ber aləp kilde ikän;strong;PC.PST;RQM;ask;no;PRS;;
šunan huŋ niŋä ulaj tip horajhəŋ hin tip horaha;Then when he asked: Why did you ask this?;tip;tip V;šunan huŋ niŋä ulaj tip horajhəŋ hin;strong;IMP;RQM;ask;no;COND;;
julda ajəw osraɣan qajða kiteŋ qujanɣajəm niŋä ilajhəŋ ni kajɣəŋ bar tip horaɣan;he met a bear on the road and he (the bear) asked: my bunny, where are you going, why are you crying, what is your grief;tip; tip PC.PST ;qajða kiteŋ qujanɣajəm niŋä ilajhəŋ ni kajɣəŋ bar;strong;PRS;lmRQM;ask;yes;PC.PST;;
šunan huŋ batša ni ösön šulaj tip ujlajhəŋ tip horaɣan bəl bašlə jegettän;"Then the king asked the smart guy: ""Why have you thought so?""";tip; tip PC.PST ;ni ösön šulaj tip ujlajhəŋ;strong;PRS;nmRQM;ask;yes;PC.PST;;
 horaha šunan batša kötöüsehenän horahanišläp ulaj tip äjtä məna mineŋ qunaɣəm tip;Why does my guest say this? he says;tip;tip (frame);nišläp ulaj tip äjtä məna mineŋ qunaɣəm;strong;PRS;MRQ;ask;no;PRS;;
ul niŋä qara həuðə esä ikän tip Хan da esä bašlaj;The khan asks himself why he (the old man) is drinking like this, and begins to drink as well.;tip;tip (frame);həuðə esä ikän;strong;PC.PST;MRQM;ask;no;PRS;;
haləq kilep horaj bəl nindäj pesok ul, nindäj ber jat niðär ul, tipa darəu həmaq ta, tipa ällä nimä həmaq ta, tipa jarma həmaq ta tip haləq aptəraj;"People come and ask: ""What is this sand? What is this unknown thing? Something like medicine or groats (a type of grain)"" – people are puzzled.";tip;tip (frame);bəl nindäj pesok ul, nindäj ber jat niðär ul, tipa darəu həmaq ta, tipa ällä nimä həmaq ta, tipa jarma həmaq ta;strong;non-verbal;MRQM;ask;no;PRS;;
šuɣa kürä ös kenä tojaq eðe kitep barɣan tip aŋlatqan;That is why there were only three footprints – that is how he explained this.;tip; tip PC.PST ;šuɣa kürä ös kenä tojaq eðe kitep barɣan;low;PC.PST;RQM;explain;yes;PC.PST;;
šulaj itep kilep jettek inde nisektär kilärgä käräk ine bit tip aŋlapqan;so, that is how we arrive, we had to do it somehow, he explained;tip; tip PC.PST ;šulaj itep kilep jettek inde nisektär kilärgä käräk ine bit;low;PST;RQM;explain;yes;PC.PST;;
məna min eštän qajtəp baram äle tip jawap qajtarɣan;Me, I am going from work.;tip; tip PC.PST ;min eštän qajtəp baram äle;low;PRS;RQM;answer;yes;PC.PST;;
ej xuža keše min bit bik nəq asəqqajnəm tip jauap birgän;well, master, I was so hungry, he answered;tip; tip PC.PST ;min bit bik nəq asəqqajnəm ;medium;PST;RQM;answer;yes;PC.PST;;
šulaj bulɣas duθəm jaŋə baj ða jaqšə keše tügel ikänen aŋlanəm tip höjlägän.;Therefore, I realized that both my friend and the newly rich man are bad people, – he said.;tip; tip PC.PST ;šulaj bulɣas duθəm jaŋə baj ða jaqšə keše tügel ikänen aŋlanəm;low;PST;RQM;speak;yes;PC.PST;;
batšanəŋ ämere bujənsa quj iten ašajəm tip bismilla itep qulən huðha quj itenän et eθe kilä ikän;According to the king's wish: I will eat the lamb, he pronounced the bismillah and found out that the meat smells like dog.;tip;tip V ikän;quj iten ašajəm;low;PRS;lmRQM;speak;yes;PC.PST;YNK;1SG
jəuəp taðartha esenä həu tultərəp aləp qajtajəm tip həuɣa ultərtha bəna sülmäk esenä zatlə äjberðär həuðan aɣəp kilälär ti;And she began to wash and rub the pot properly with sand. When it was clean (she thought), I will fill it with water and take it home, she put the pot on the earth, but there were expensive things that were going towards the pot.;tip;tip V (thought);jəuəp taðartha esenä həu tultərəp aləp qajtajəm;low;PRS;RQM;put;yes;0;ZF;1SG
atlə la kilmähen jejäüle lä kilmähen tine jejäüle lä bulmahən tine (jalan) kejenmähen dä jalanɣas ta bulmahən tine häm (nigä) büläkle lä bulmahən büläkheð ðä bulmahən tip šundaj ni qujðə;She should not be on a horse and she should not walk, she should not be dressed and she should not be undressed, she shoud not come without a present and she should not come with a present  – he put following (riddles) that..;tip;tip V;atlə la kilmähen jejäüle lä kilmähen tine jejäüle lä bulmahən tine (jalan) kejenmähen dä jalanɣas ta bulmahən tine häm (nigä) büläkle lä bulmahən büläkheð ðä bulmahən;strong;PST;RQM;put;no;PST;;
šəm ɣəna - jaraj äle, həlahən äle həlahən, tip jatqan ti;lied quietly and thought, okay, let her smear;tip;tip PC.PST ti;jaraj äle, həlahən äle həlahən;medium;IMP;RQM;lie;yes;PC.PST;;
ber uaqəttə bəl ej xoðajəm, qoš vuləp osop kithäm tip üð aldəna teläp jata;one day she lies and thinks, she’s turning to God if only I turned into a bird and flew away;tip;tip V;ber uaqəttə bəl ej xoðajəm, qoš vuləp osop kithäm;strong;POT;nmRQM;lie;no;PRS;;
səɣəm-səɣəm xäðer səɣəm xäðer səɣəm tip jalbər-jolbor səɣəp qasqan ti;I am leaving very quickly, she says;tip;tip PC.PST ti;səɣəm-səɣəm xäðer səɣəm xäðer səɣəm;low;PRS;RQM;run away;yes;PC.PST;;
heð mine belähegeðme juqmə, min heððeŋ olatajəɣəððəŋ olatahənəŋ olatahənəŋ duθəmən tip tanəštəra;Do you know me or not? I am a friend of your great-grandfather, he introduces himself;tip;tip V;heð mine belähegeðme juqmə, min heððeŋ olatajəɣəððəŋ olatahənəŋ olatahənəŋ duθəmən;strong;non-verbal;RQM;introduce;no;PRS;GZV;
xäðer jomro jomro jomɣaɣəmdə kürmäneŋme abəstaj tip tege ul nejðä julda bulɣandar inde;now ... haven't you seen a round wool ball, kind people? she, this one, is asking people who she meets on the way;tip;tip PC.PST;xäðer jomro jomro jomɣaɣəmdə kürmäneŋme abəstaj;strong;PST;RQM;be;no;non-verbal;;
bergä jəjəlɣandar ða nisek bəl qojaštə... ike qojaštan qotolorɣa tip ul eðlägändär;they gathered and discussed how to get rid of this sun... of the two suns they looked for a way;tip; tip PC.PST ;nisek bəl qojaštə... ike qojaštan qotolorɣa;low;non-verbal;lmRQM;search;yes;PC.PST;;
bötön xajuandar ða qul sabəp -Дöröθ ešläneŋ Аjəu aɣaj döröθ ešläneŋ Ҡujanbikä, tip ularðə maqtap;"all the animals applauded, they said: ""Brother Bear did the right thing, the Hare did the right thing, they all praised them""";tip;tip (frame);Дöröθ ešläneŋ Аjəu aɣaj döröθ ešläneŋ Ҡujanbikä;low;PST;lmRQM;praise;no;CV;ZF;
 kilgän tej  bergä jäšäek inde tip;let's live together;tip;tip (frame);bergä jäšäek inde;strong;PRS;lmRQ;come;yes;PC.PST;;
buldə šul äbej, bəna bašəmdə qərqa inde ul xan, qərq täkä birep qajtarðə, əчtobə min sledujuщij barəuɣa hikhän štuk buləp torhon tip;[he came back in a bad mood] WOMAN’S QUOTE This is what happened, old woman, the khan will cut off my head, he gave me 40 male sheep and he said that next time they should be 80.;tip;tip (dialog);buldə šul äbej, bəna bašəmdə qərqa inde ul xan, qərq täkä birep qajtarðə, əчtobə min sledujuщij barəuɣa hikhän štuk buləp torhon ;medium;PST;lmRQ;come;no;CV.ANT;;
šunan bəl äjðä kittek xäðer tölkönö qəwəp səɣarabəð tip kilgändär ikän tölkö qujannəŋ öjönä;then this one (the wolf): let's go, now we will kick the fox out of the house, he said, they went to the house of the fox;tip; tip PC.PST ;äjðä kittek xäðer tölkönö qəwəp səɣarabəð;medium;POT;nmRQM;come;yes;PST;;
qəðəqaj älegä jomro jomro jomɣaɣəmdə kürmäneŋme tip kitep ultəra ikän;the girl goes and asks whether they saw the same round ball;tip;tip V ikän;jomro jomro jomɣaɣəmdə kürmäneŋme ;strong;PST;nmRQM;come;yes;PC.PST;;
xäðer ber ike kön ütkäs taɣə Тölkö -min bögön dä ana šunəŋ balahəna isem qušəp kiläm tip taɣə səɣəp kitkän ti;"and a few days later Fox (said) again: ""And today I'll go to give a name to a child"" and left again";tip;tip PC.PST ti;-min bögön dä ana šunəŋ balahəna isem qušəp kiläm;medium;PRS;nmRQM;come;yes;PC.PST;ZF;1SG
atahə aptərap qarap tora ti bəlar beðgä qunaqqa kilgändär ikän tip šunan xäðer inäjem dä qəðəmdə ujatajəm tip atahə kerhä qəðəqaj urənənda juq ti joqlaɣan urənənda;"The father was standing in surprise: ""We have guests, I shall go and wake up my daughter"". When he entered, there was no girl inside, she went away when he was sleeping.";tip;tip (frame);bəlar beðgä qunaqqa kilgändär ikän;low;PC.PST;lmRQ;stand;yes;PRS;;
atahə aptərap qarap tora ti bəlar beðgä qunaqqa kilgändär ikän tip šunan xäðer inäjem dä qəðəmdə ujatajəm tip atahə kerhä qəðəqaj urənənda juq ti joqlaɣan urənənda;"The father was standing in surprise: ""We have guests, I shall go and wake up my daughter"". When he entered, there was no girl inside, she went away when he was sleeping.";tip;tip (frame);šunan xäðer inäjem dä qəðəmdə ujatajəm;medium;PRS;lmRQ;stand;yes;PRS;;
batšaɣa qulən hona qəðəqaj turɣajðə məna hiŋä büläk tip ä batša aləp ölgörmäj turɣaj osop ta kitä;"She raised her hand with a sparrow saying to the tsar: ""Here is a gift for you!"" But the tsar could not take it, because the sparrow flew away.";tip;tip (frame);məna hiŋä büläk;medium;non-verbal;lmRQ;raise_hand;no;PRS;;
aptəraj inde baj küp tä ašamaj ä ašə qajða buldə ikän tip;The rich man was very surprised that she eats very little, and where does the food go?;tip;tip (thought);ä ašə qajða buldə ikän;strong;PC.PST;lmRQ;surprise;yes;PRS;;
šunan atahə täðränän kilep qaraɣa osonlapta bəl nimä buldə inde tip aptəraštəlar tej;"her father came to the window to watch and asked ""what is that?"" They were surprised";tip;tip V ti;nimä buldə inde;strong;PST;nmRQM;surprise;yes;PST;;
bəl mosafir šul xättän nəq həwhanəm tip ingän keše... keše nəq asəqqan bulɣan;the traveler who said that he was very thirsty turned out to be very hungry;tip; tip PC.PST ;xättän nəq həwhanəm;low;PST;nmRQM;enter;yes;PC.PST;;
äle bul-ha =la ösköl-där-ðän keše-lär Räxmät awəl-dar-ə köl-ä-lär käbän taš-əɣəð jəɣəl-əp bar-ma-j-mə tip ;"И до сих пор люди, рахметовцы смеются над аслаевцами: ""А у вас стог сена не падает?""";tip;tip (frame);käbän taš-əɣəð jəɣəl-əp bar-ma-j-mə;strong;PRS;MRQ;laugh ;no;PRS;;
hin höjläj torɣanəŋ, iθläj torɣanəŋ, hölärheŋ, hölärheŋ kiläsäkta tip;you usually talk, you usually talk a lot, so in the future you have to tell this story;tip;weird;bənə qalaj itep jazalarɣa, nisek itep bašən qərqərɣa ikän;medium;PC.PST;RQ;0;no;0;;
šulaj tip batša bik aqəllə eget ikänheŋ äjðä mineŋ väzirem bul tip ul unə üðeneŋ ergähenä eškä alɣan;"So, rich man: ""You are a very smart guy, come on, you will be my vizier (advisor).""";tip;wierd;ik aqəllə eget ikänheŋ äjðä mineŋ väzirem bul;strong;IMP;nmRQlm;take;no;non-verbal;;
qəðəqaj äjðä ni mine aləp qajtəp säj genä eserep ebärse tigän bik nəq juldan kiläm həuhanəm tigän ti;"Who are you, pretty girl? Where do you live? ""I live with my father"". ""Let's drink tea at your place, I am very tired from work, I am thirsty"".";tigän;tip PC.PST ti;qəðəqaj äjðä ni mine aləp qajtəp säj genä eserep ebärse tigän bik nəq juldan kiläm həuhanəm;low;PST;RQ;0;yes;PC.PST;;
-jaŋɣəðləqtan jonsonoq äjðä bergäläp ɣümer itäjek tigändär ti;We are tired of loneliness, let's live together, they said.;tigän;tigän ti;-jaŋɣəðləqtan jonsonoq äjðä bergäläp ɣümer itäjek;strong;IMP;RQ;0;yes;0;;
bəna ošondaj ošondaj vasəjat äjtep qaldərɣajnə atajəm šunə hənar ösön šulaj ešlänem min tigän ti;So, the testament is like this and like that. I did that in order to test it – he said.;tigän;tigän ti;bəna ošondaj ošondaj vasəjat äjtep qaldərɣajnə atajəm šunə hənar ösön šulaj ešlänem min;medium;PST;RQ;0;yes;0;;
qajtha -jä nindäj isem tip quštəŋ -Уrtansə bala tip quštəm, tigän ti, xäðer jaraj Уrtansə bala, xäðer bəlar taɣən joqlaɣandar;when she returned (they asked) - and what did you name (him)? -I called (him) the Middle Child, she said, okay, the Middle Child, and everyone went to bed again;tigän;tigän ti;urtansə bala tip quštəm;low;PST;RQ;0;yes;0;;
ulaj bulɣas Аjəu aɣaj beð Тölkönö xäðer utta jandərabəð tigän ti;So, brother Bear, we will now burn Fox at the stake, she said.;tigän;tigän ti;ulaj bulɣas Аjəu aɣaj beð Тölkönö xäðer utta jandərabəð;strong;POT;RQ;0;yes;0;;
qəðəqaj bik qajɣərɣan inähe ülmäθ elek uɣa šundaj vasəjat äjtep qaldərɣan ti bəna ošo( beððeŋ) mineŋ sülmäk bəl sülmäk miŋä inäjemdän qalɣajnə bəl sülmäkte min hiŋä tapšəram tigän ti bəl sülmäktän ber vaqətta la ajərəlma tigän ti;"The girl was very worried about her mother's death. When she was alive, she left her testament: ""Here is my pot, I inherited it from my mother, I'll give it to you. You should never leave this pot"".";tigän;tigän ti;bəl sülmäktän ber vaqətta la ajərəlma tigän;strong;POT;RQ;0;yes;0;;
üððärenä ber jäšärðek kenä öj halɣandar ti bergä qəš səɣərbəð tigändär ti šulaj itep jäjðe nisek kenä bulha ütkärerbeð tigändär ti;they built a house for one season and decided to spend the winter together, they said we will spend the summer somehow;tigän;tigän ti;šulaj itep jäjðe nisek kenä bulha ütkärerbeð;low;POT;RQ;0;yes;0;;
üððärenä ber jäšärðek kenä öj halɣandar ti bergä qəš səɣərbəð tigändär ti šulaj itep jäjðe nisek kenä bulha ütkärerbeð tigändär ti;they built a house for one season and decided to spend the winter together, they said we will spend the summer somehow;tigän;tigän ti;üððärenä ber jäšärðek kenä öj halɣandar ti bergä qəš səɣərbəð;low;POT;RQ;0;yes;0;;
at menän həbaj ða bulmahən jäjäü ðä bulmahən kejengän dä bulmahən jalanɣas ta bulmahən häm büläkle lä bulmahən büläkle lä büläkheð ðä bulmahən tigän;She should not be on a horse and she should not walk, she should not be dressed and she should not be undressed, she shoud not come without a present and she should not come with a present – he said.;tigän;tigän;at menän həbaj ða bulmahən jäjäü ðä bulmahən kejengän dä bulmahən jalanɣas ta bulmahən häm büläkle lä bulmahən büläkle lä büläkheð ðä bulmahən;strong;IMP;RQ;0;no;0;;
qartajɣan kešene öjrätep bulmaj ul hənala quja tigän;"an old man cannot be taught; it will break (him)";tigän;tigän;qartajɣan kešene öjrätep bulmaj ul hənala quja;low;PRS;RQ;0;no;0;VZG;
toq menän kešene kilteregeð alaj bulɣas mineŋ käbärkälä jata tigän;I have a bag with a man in my larder, bring it, he said.;tigän;tigän;toq menän kešene kilteregeð alaj bulɣas mineŋ käbärkälä jata;medium;PRS;RQ;0;no;0;;
min šulaj tip ujlajəm tigän;I think so – he said.;tigän;tigän;min šulaj tip ujlajəm;low;PRS;RQ;0;no;0;;
hin bəl qəðəmdə jegär ðä hin bəl qəðəmdə urmanɣa jete taw jete jəlɣa jete diŋgäð aša aləp barəp tašlamahaŋ, min hineŋ qajtəp kite men tigän;if you don’t take your daughter away to the forest, across seven mountains, seven rivers, seven seas, then I’ll leave you she said;tigän;tigän;hin bəl qəðəmdə jegär ðä hin bəl qəðəmdə urmanɣa jete taw jete jəlɣa jete diŋgäð aša aləp barəp tašlamahaŋ, min hineŋ qajtəp kite men;strong;PRS;RQ;0;no;0;;
bəna šulaj min nimä tip äjtem ultənlap ɣəna tora ikebeð ber hüððen kenä jäšäbeð tigän;so, what I say, she obeys, I say one word, that is how we live;tigän;tigän;bəna šulaj min nimä tip äjtem ultənlap ɣəna tora ikebeð ber hüððen kenä jäšäbeð;low;PRS;RQ;0;no;0;;
šulaj bulɣas min duθəma əšanmajəm tigän;That is why I do not trust my friend.;tigän;tigän;šulaj bulɣas min duθəma əšanmajəm ;low;PRS;RQ;0;no;0;;
bəna ošo jel-jel arbam hiŋä təwɣan jaɣəŋɣa aləp qajttə tigän;and this wind cart brought you back;tigän;tigän;bəna ošo jel-jel arbam hiŋä təwɣan jaɣəŋɣa aləp qajttə;low;PST;RQ;0;no;0;ZF;
küreüen kürmänem išägeŋ ošo jaqta išägeŋde ošo jaqqa taban eðlä tigän;I didn’t see it, but your donkey went this way, look in this direction – he said.;tigän;tigän;küreüen kürmänem išägeŋ ošo jaqta išägeŋde ošo jaqqa taban eðlä ;low;PST;RQ;0;no;0;;
belmänem bit min bəndaj xäsrättärðä tigän;I have not known this grief;tigän;tigän;belmänem bit min bəndaj xäsrättärðä ;medium;PST;RQ;0;no;0;;
bəna šunəŋ ösön min jäšten uk öjrätep aldəm heððeŋ qəðəɣəððə tigän;that is why in her young age I taught your daughter he said;tigän;tigän;bəna šunəŋ ösön min jäšten uk öjrätep aldəm heððeŋ qəðəɣəððə;medium;PST;RQ;0;no;0;;
qajtqasqəna asərhəŋ tigän;only when you return (home), you will open it;tigän;tigän;qajtqasqəna asərhəŋ;strong;POT;RQ;0;no;0;;
äjðä qujanqajəm kittek xäðer səɣarabəð beð unə tölkönö tigän;let's go, my bunny, now, we will kick her, this fox, out, he says;tigän;dialog;äjðä qujanqajəm kittek xäðer səɣarabəð beð unə tölkönö;medium;IMP;RQ;0;no;0;;
qəðəm qajtmaØ bögöngä qunØ tigän;my girl, don’t leave, stay and sleep tonight, she says;tigän;dialog;qəðəm qajtmaØ bögöngä qunØ;strong;IMP;RQ;0;no;0;;
alØda qajtØ tigän;take (it) and go, (she) says;tigän;dialog;alØda qajtØ ;strong;IMP;RQ;0;no;0;;
änä bit min heðgä bit äjttem tigän änä bit qujan kilä tigän;“I told you so!” He said. “Here comes the Hare,” he said.;tigän;dialog;änä bit qujan kilä;low;PRS;RQ;0;no;0;ZF;
jarar məna berense šartəmdə ütäneŋ ikense šartəmdə ütäj alərhəŋmə tigän;Alright, you succeeded with my first riddle, so could you do another task? – he said.;tigän;dialog;jarar məna berense šartəmdə ütäneŋ ikense šartəmdə ütäj alərhəŋmə;strong;PRS;RQ;0;no;0;VZG;
qəðəm jomro jomro äj äbej jomro jomro jomɣaɣəmdə kürmäŋme tigän;daughter (my girl), round .... oh ... grandmother (respectful term for an old woman), have you seen a round little ball she says;tigän;dialog;qəðəm jomro jomro äj äbej jomro jomro jomɣaɣəmdə kürmäŋme;strong;PRS;RQ;0;no;0;FN;
jomro jomro jomɣaɣəmdə kürmäŋme abəstaj tigän;have you seen a round ball, kind people? (she) said;tigän;dialog;jomro jomro jomɣaɣəmdə kürmäŋme abəstaj ;strong;PRS;RQ;0;no;0;;
ä iŋ jomšaɣə nimä bula huŋ ul tigän iŋ jomšaɣə ul us tigän;"He said: ""What is the softest one?"". She said: ""The softest one is a palm"".";tigän;dialog;ä iŋ jomšaɣə nimä bula huŋ ul;strong;PRS;RQ;0;no;0;;
öj bašənda handəq bar šunə töšörØ hiŋä büläk birem tigän;in the attic, there is a chest, bring it here, I want to give you a gift;tigän;dialog;öj bašənda handəq bar šunə töšörØ hiŋä büläk birem;medium;PRS;RQ;0;no;0;;
bəl ittän bit et eθe kilä tigän;It smells like dog's meat. – he said.;tigän;dialog;bəl ittän bit et eθe kilä;low;PRS;RQ;0;no;0;;
šunan huŋ batša belmäjem inäjem bar atajəmdəŋ kem ikänen min belmäjem tigän;Then the king: I don’t know, I have a mother, but who my father is, I do not know. - he said;tigän;dialog;šunan huŋ batša belmäjem inäjem bar atajəmdəŋ kem ikänen min belmäjem ;low;PRS;RQ;0;no;0;;
qajða kiteŋ qujanqajəm bəlaj qajɣərəp ilaj-ilaj tigän;where are you going crying so sad, my bunny, he says;tigän;dialog;qajða kiteŋ qujanqajəm bəlaj qajɣərəp ilaj-ilaj;strong;PRS;RQ;0;no;0;;
bəl jeläkte ašarɣa jaramaj tigän;you shouldn't eat these berries – he said;tigän;dialog;bəl jeläkte ašarɣa jaramaj;strong;PRS;RQ;0;no;0;;
äj jeget ni ešlä-j-heŋ ti-gän Äbjälil arqan iš-ä-m ti-gän ;"Эй, парень, что делаешь? - говорит, Абзелил: ""Аркан плету"", говорит.";tigän;dialog;äj jeget ni ešlä-j-heŋ;strong;PRS;RQ;0;no;0;;
išägem juɣalɣajnə tigän;– he asked. My donkey got lost – he said.;tigän;dialog;išägem juɣalɣajnə;low;PC.PST;RQ;0;no;0;YNK;
änä bit min heðgä bit äjttem tigän änä bit qujan kilä tigän;“I told you so!” He said. “Here comes the Hare,” he said.;tigän;dialog;änä bit min heðgä bit äjttem;medium;PST;RQ;0;no;0;ZF;
qujan miŋä öjläš kerðe tigän;bunny came to me as a guest;tigän;dialog;qujan miŋä öjläš kerðe;strong;PST;RQ;0;no;0;MV;
qujan... tölkö mine öjömdän qəwəp səɣarðə tigän;hare ... fox kicked me out of my house -- he says;tigän;dialog;ölkö mine öjömdän qəwəp səɣarðə;low;PST;RQ;0;no;0;;
ä ni tigän išägeŋdeŋ ber ajaɣə satan ineme tigän;He said: Was the donkey limping on one leg?;tigän;dialog;išägeŋdeŋ ber ajaɣə satan ineme;strong;PST;RQ;0;no;0;;
säsrätep ä qojroɣo oðon bulha ul jomoro ɣəna itep tähärätläner ine tigän;he was flicking (his tail) so the dust was flying to all sides, while if its tale was long, he would flick and keep the round trace;tigän;dialog;säsrätep ä qojroɣo oðon bulha ul jomoro ɣəna itep tähärätläner ine;low;PST;RQ;0;no;0;;
qojroɣonoŋ qəθqa ikänen qajðan beldeŋ tigän;How did you know that he had a short tail?;tigän;dialog;qojroɣonoŋ qəθqa ikänen qajðan beldeŋ ;strong;PST;RQ;0;no;0;;
ütkän jəl min otoldom bit tigän;I lost last year;tigän;dialog;ütkän jəl min otoldom bit;low;PST;RQ;0;no;0;;
kešegä äjtergä ojaləp kem ikänen atajəŋdəŋ kem ikänen hiŋä lä, bašqa kešegä lä äjtmänem tigän;I was embarrassed to tell anyone who was your father, I neither told you nor anyone else.;tigän;dialog;kešegä äjtergä ojaləp kem ikänen atajəŋdəŋ kem ikänen hiŋä lä, bašqa kešegä lä äjtmänem;low;PST;RQ;0;no;0;;
ošo jaqqa tägärläne tigändär;it rolled in that direction, they said;tigän;dialog;ošo jaqqa tägärläne;low;PST;RQ;0;no;0;;
šunda barəp kerðe tigän;it rolled there they say;tigän;dialog;šunda barəp kerðe;low;PST;RQ;0;no;0;;
kilep kerðe qəðəm tigän;it rolled up here, my girl, she says;tigän;dialog;kilep kerðe qəðəm;low;PST;RQ;0;no;0;;
juq kürmänem tigän;No, we did not see (it) - they said.;tigän;dialog;juq kürmänem ;low;PST;RQ;0;no;0;;
ej qəðəm bəna taɣə la bik awər horau birðe batšabəð tigän;Oh, my girl, our tsar asked a very difficult question again – he said.;tigän;dialog;ej qəðəm bəna taɣə la bik awər horau birðe batšabəð;low;PST;RQ;0;no;0;;
ej batšam beð hiŋä äjtergä qurqtəq quj harəɣə jatəp ülgäs unəŋ bäräsen et imeðep üθterðek tigän;Oh, my king, we were afraid to tell you, after a sheep died, it was the dog who raised the lamb. – he said.;tigän;dialog;ej batšam beð hiŋä äjtergä qurqtəq quj harəɣə jatəp ülgäs unəŋ bäräsen et imeðep üθterðek;medium;PST;RQ;0;no;0;;
išägeŋdeŋ ber küðe huqər ineme tigän;One donkey's was blind? he said;tigän;dialog;išägeŋdeŋ ber küðe huqər ineme;strong;PST;RQ;0;no;0;;
kire jaqqa säsrätmäθ ine tigän;the dust would not fly to all sides;tigän;dialog;kire jaqqa säsrätmäθ ine ;low;PST;RQ;0;no;0;;
išägeŋdeŋ qojroɣo qəθqa ineme tigän;The tail of you donkey was short?;tigän;dialog;išägeŋdeŋ qojroɣo qəθqa ineme;strong;PST;RQ;0;no;0;;
bašqa erðä jeläk bötkän ä bəna zəjaratta bötmägän ine šuɣa zəjarattan jəjəp aləp kildek tigän;There were no berries in other places, but there were at the cemetery, which is why we gathered there.;tigän;dialog;bašqa erðä jeläk bötkän ä bəna zəjaratta bötmägän ine šuɣa zəjarattan jəjəp aləp kildek ;low;PST;RQ;0;no;0;;
atajlə bala qunaqtəŋ ergähendä ultərəp həjlaj hin mine ber bülmälä qaldərðəŋ da üðeŋ ikense bülmägä səɣəp kitteŋ tigän;When there is (one has) a father, then during the meal he (a father) sits among the guests, and you left me alone in one room, and you went out into another.;tigän;dialog;atajlə bala qunaqtəŋ ergähendä ultərəp həjlaj hin mine ber bülmälä qaldərðəŋ da üðeŋ ikense bülmägä səɣəp kitteŋ;low;PST;RQ;0;no;0;;
səqmahaŋ bašən küðen qan bulər tigän;if you don’t get out, your head and eyes will be in blood;tigän;dialog;səqmahaŋ bašən küðen qan bulər;strong;POT;RQ;0;no;0;;
heð qolondə ebäreɣeð ul kemde barəp imhä šunəŋ balahə bulər tigän;let the foal go, to whom it sucks, that is whose child it is – he said;tigän;dialog;heð qolondə ebäreɣeð ul kemde barəp imhä šunəŋ balahə bulər;medium;POT;RQ;0;no;0;;
äjðä beð bergäläp beräj nämä säsäjek tä šunə üθteräjek šunan urtaq bülešep alərbəð tigän;let's plant and grow something together and then divide it equally he said;tigän;dialog;äjðä beð bergäläp beräj nämä säsäjek tä šunə üθteräjek šunan urtaq bülešep alərbəð;medium;POT;RQ;0;no;0;;
tölkö mine öjömdän qəwəp səɣarðə, qajða barərɣa tigän inde;the fox kicked me out of my house, where should to go, he said;tigän;dialog;tölkö mine öjömdän qəwəp səɣarðə, qajða barərɣa;medium;POT;RQ;0;no;0;;
irtägä qajtərhəŋ tigän šunan;you will leave tomorrow, then (she said);tigän;dialog;irtägä qajtərhəŋ;medium;POT;RQ;0;no;0;;
donъjala iŋ qatə ul nimä ikän ej alla aptərap ni iŋ qatəhə ul joqo tigän;"(oldman:) ""What is the most solid thing in the world? (his daughter:) Oh, my God, why is it so surprising? It is sleep"".";tigän;dialog;ej alla aptərap ni iŋ qatəhə ul joqo ;low;non-verbal;RQ;0;no;0;VZG;
jaraj ulaj bulɣas həjlaɣəð min həjlanərɣa riza tigän;Alright, I agree.;tigän;dialog;jaraj ulaj bulɣas həjlaɣəð min həjlanərɣa riza;low;non-verbal;RQ;0;no;0;YNK;
äjðä mineŋ menän tigän;"come on, come with me"" – she said.";tigän;dialog;äjðä mineŋ menän;strong;non-verbal;RQ;0;no;0;ZF;
bašə käräkme ällä tamərəmə käräkme tigän;do you need roots or heads?;tigän;dialog;bašə käräkme ällä tamərəmə käräkme ;strong;non-verbal;RQ;0;no;0;RM;
ä iŋ jomšaɣə nimä bula huŋ ul tigän iŋ jomšaɣə ul us tigän;"He said: ""What is the softest one?"". She said: ""The softest one is a palm"".";tigän;dialog;iŋ jomšaɣə ul us;low;non-verbal;RQ;0;no;0;;
ej šuɣa qajɣərəp ni ataj ul iŋ šäbe uj tigän;Oh, (don't be) worried about it, dad... The quickest thing in the world is a thought. – she said.;tigän;dialog;ej šuɣa qajɣərəp ni ataj ul iŋ šäbe uj;medium;non-verbal;RQ;0;no;0;;
ä iŋ qäðerle nämä donъjala nimä bula huŋ ul bala tigän;"What is the most expensive thing in the world? ""This is a child"" – she said.";tigän;dialog;ul bala ;low;non-verbal;RQ;0;no;0;;
ä ul jomorqa nimäŋ belän tämle tigän;which kind of eggs do you prefer?;tigän;dialog;ä ul jomorqa nimäŋ belän tämle;strong;non-verbal;RQ;0;no;0;;
toð menän tigän;with salt he said;tigän;dialog;toð menän ;low;non-verbal;RQ;0;no;0;;
qujandə keretergä käräk tigän;you need to let the hare in, he says;tigän;dialog;qujandə keretergä käräk;medium;non-verbal;RQ;0;no;0;;
xäðer xəuəq qəštar etkän ti ajəu täüðä äjtkän ti -jaraj majðə qaldərəp torajəq həuəq qəštar etkäs ašarbəð tigän ti;"and now the cold winter has come, and the Bear had said before: ""Okay, let's leave the butter, when the cold winter comes, we will eat it"" he said.";tigän;tigän (framed);jaraj majðə qaldərəp torajəq həuəq qəštar etkäs ašarbəð ;medium;POT;RQ;0;yes;0;ZF;
ä ni tigän išägeŋdeŋ ber ajaɣə satan ineme tigän;He said: Was the donkey limping on one leg?;tigän;in the middle;išägeŋdeŋ ber ajaɣə satan inem;strong;PST;RQ;0;no;0;;
ä ni tigän išägeŋdeŋ ber ajaɣə satan ineme tigän;He said: Was the donkey limping on one leg?;tigän;in the middle;ni;strong;non-verbal;RQ;0;no;0;;
hin kem hələu qəð tip äjtkän ti (ne) ni hin qajða jäšäjheŋ min öjömdä atajəm menän genä jäšäjem tigän qəðəqaj äjðä ni mine aləp qajtəp säj genä eserep ebärse tigän bik nəq juldan kiläm həuhanəm tigän ti;"Who are you, pretty girl? Where do you live? ""I live with my father"". ""Let's drink tea at your place, I am very tired from work, I am thirsty"".";tigän;tigän ti;bik nəq juldan kiläm həuhanəm;medium;PST;RQ;tell;yes;PC.PST;;
nämä buldə heðgä tigän;what is going on? he said;tigän;tigän (farmed);nämä buldə heðgä;strong;PST;RQ;tell;yes;PC.PST;;
šunan xäðer Аjəu äjtä ti -Йä Ҡujanbikä (beð bəɣa) beð bənə nimä ešlätäbeð tigän ti;"and the Bear says: ""Well, Hare, what are we going to do with her?"", he asked.";tigän;tigän ti;Йä Ҡujanbikä (beð bəɣa) beð bənə nimä ešlätäbeð;strong;PRS;MRQ;tell;yes;PRS;ZF;
häm šul waqət ul äjtkän jel-jel arbam, aləp qajt hin mine təwɣan jaɣəma tigän;and at that time she said: my wind cart, take me home;tigän;tigän (farmed);jel-jel arbam, aləp qajt hin mine təwɣan jaɣəma;strong;IMP;MRQ;tell;yes;PC.PST;ZF;
qəðəqaj asma tip äjtkän ti bəl sülmäkte asəp qarama aðaq (min) min ülgäs kenä min tege donъjaɣa kitkäs kenä ul sülmäk menän ul sülmäk menän bulašərhəŋ tigän ä äle unə ultərtəp qujɣandar;Daughter, don't open this pot, you can use it only after my death – she said. In the meantime, they just left it.;tigän;tigän (farmed);bəl sülmäkte asəp qarama aðaq (min) min ülgäs kenä min tege donъjaɣa kitkäs kenä ul sülmäk menän ul sülmäk menän bulašərhən;strong;IMP;MRQ;tell;yes;PC.PST;ZF;
ul äjtkän inde, bötkäs, bötkäs kenä qərqərhəŋ tigän inde;he said when it will end and only then cut;tigän;tigän (farmed);bötkäs, bötkäs kenä qərqərhəŋ;strong;IMP;MRQ;tell;yes;PC.PST;;
häm babaj äbej-gä äjt-kän asəq-tə-m beräj nämä beš-er-Ø ti-gän ;"И старик бабке сказал: ""Я проголодался, свари что-нибудь"".";tigän;tigän (farmed);asəq-tə-m beräj nämä beš-er-Ø;strong;IMP;MRQ;tell;yes;PC.PST;;
xäðer xəwəq qəš köndäre kilep etkän xäðer qujandə menderep ebärgän ti ajəu Тölkö äjtkän ti - min menä almajəm ajaɣəm həðlap tora, tigän ti;"and then a cold winter came, at the request of the Bear, the Hare climbed, and the Fox said ""I can't climb my leg hurts""";tigän;tigän (farmed);min menä almajəm ajaɣəm həðlap tora;medium;PRS;MRQ;tell;yes;PC.PST;ZF;
bəl äjtä ikän səsqandə totop alahəŋ da küðenä hirpäheŋ ul huqərajəp jöröp ülä tigän;"He said: ""You take the mouse, throw it in its eyes, it becomes blind and it dies"".";tigän;tigän (farmed);səsqandə totop alahəŋ da küðenä hirpäheŋ ul huqərajəp jöröp ülä ;medium;PRS;MRQ;tell;yes;PC.PST;;
šunan huŋ batša äjtkän belmäjem kötöüsemdän horajəm inde tigän;"Then the king said: ""I do not know. I will ask a shepherd"".";tigän;tigän (farmed);belmäjem kötöüsemdän horajəm inde;low;PRS;MRQ;tell;yes;PC.PST;;
äjtkän ošo miskä-ne həw menän tul-tər-ma-ha-ŋ min hine ül-ter-ä-m ti-gän ;Если ты не наполнишь эту бочку водой, я тебя убью, мол.;tigän;tigän (farmed);ošo miskä-ne həw menän tul-tər-ma-ha-ŋ min hine ül-ter-ä-m ;strong;PRS;MRQ;tell;yes;PC.PST;;
šunan aždaha äjt-kän äjðä nej köräš köräš-äj-ek jeŋ-eš-äj-ek kem jeŋ-ä ber-ense bul-a šul kül menän qal-a ti-gän inde ;"Потом дракон сказал: ""Давай это побор... поборемся, посоревнуемся; кто победит, кто первым будет, тот останется с озером"" - сказал так.";tigän;tigän (farmed);äjðä nej köräš köräš-äj-ek jeŋ-eš-äj-ek kem jeŋ-ä ber-ense bul-a šul kül menän qal-a;strong;PRS;MRQ;tell;yes;PC.PST;;
Тölkö äjtkän ti -ällä qajða buldə ikän, tigän bula ti;"Fox with a grin: ""Where did it go?"" (and) with a rustle";tigän;tigän (farmed);ällä qajða buldə ikän, tigän bula;strong;PC.PST;MRQ;tell;yes;PC.PST;;
ber zaman tuqta äle min atajəmdəŋ vasəjatən hənap qarajəm äle tigän;"Once: ""Wait, I'll check my father's will"" – he said.";tigän;tigän;äle min atajəmdəŋ vasəjatən hənap qarajəm äle;strong;PRS;RQ;nominal;no;non-verbal;;
xäðer qajtqasqəna handəqtə asərəŋ tigän;only when you return, you open the chest she says;tigän;tigän;qajtqasqəna handəqtə asərəŋ;strong;POT;RQ;nominal;no;non-verbal;;
šulaj uq uləma isem eðläjem bəna hin nindäj isem äjter ineŋ ikän käŋäš iterheŋ ikän tigän;"He said the same: ""I'm looking for a name for my son, what would you suggest?""";tigän;dialog;uləma isem eðläjem bəna hin nindäj isem äjter ineŋ ikän käŋäš iterheŋ ikän;strong;PC.PST;RQ;nominal;no;non-verbal;;
äjä tigän julsə;Yes – said the traveler.;tigän;dialog;äjä;low;non-verbal;RQ;nominal;no;non-verbal;;
äjä tigän julsə;Yes – said the traveler.;tigän;dialog;äjä;low;non-verbal;RQ;nominal;no;non-verbal;;
Qujanbikägä äj miŋä ul isem bik oqšap etmäj tigän ti;"Ms. Hare (cf. note) said: ""Oh, I do not like this name"".";tigän;tigän ti;miŋä ul isem bik oqšap etmäj;low;PRS;nmRQ;nominal;yes;non-verbal;;
šunan huŋ bəl batša bəl nindäj bašlə jegetheŋ ikän äjðä mindä väzir buləp qal tigän;Then the king: What a smart guy you are! Come on, stay here, you will be my vizier (advisor).;tigän;dialog;bəl nindäj bašlə jegetheŋ ikän äjðä mindä väzir buləp qal;strong;IMP;nmRQ;nominal;no;non-verbal;;
büre qajða kiteŋ qujanqajəm ilaj-ilaj tigän inde;the wolf asks where are you going crying my bunny;tigän;dialog;qajða kiteŋ qujanqajəm ilaj-ilaj;strong;PRS;nmRQ;nominal;no;non-verbal;;
büre(gä) šulaj uq min uləma isem eðläjem tigän bit inde;"He said to the wolf: ""I am looking for a name for my son.""";tigän;dialog;min uləma isem eðläjem ;medium;PRS;nmRQ;nominal;no;non-verbal;;
beððä tigän äbej;she asks TI the old woman if she saw a ball, the old woman said that it is there;tigän;dialog;jomro jomɣaɣəmdə kürmäneŋme beððä;low;non-verbal;RQM;nominal;yes;non-verbal;;
säj esäjek tigän äbej jaŋɣəðəɣəna bulɣan inde;"let's drink tea, the old woman said; she lived alone";tigän;dialog;säj esäjek;strong;IMP;RQM;nominal;no;non-verbal;;
jeläk jəjəp kilteregeð tigän batša väzirðärenä;bring me berries – said the king to his viziers.;tigän;dialog;jeläk jəjəp kilteregeð ;strong;PRS;RQM;nominal;no;non-verbal;YNK;
hin kem hələu qəð tip äjtkän ti (ne) ni hin qajða jäšäjheŋ min öjömdä atajəm menän genä jäšäjem tigän qəðəqaj äjðä ni mine aləp qajtəp säj genä eserep ebärse tigän bik nəq juldan kiläm həuhanəm tigän ti;"Who are you, pretty girl? Where do you live? ""I live with my father"". ""Let's drink tea at your place, I am very tired from work, I am thirsty"".";tigän;dialog;min öjömdä atajəm menän genä jäšäjem;low;PRS;RQM;nominal;no;non-verbal;;
äj jeget ni ešlä-j-heŋ ti-gän Äbjälil arqan iš-ä-m ti-gän ;"Эй, парень, что делаешь? - говорит, Абзелил: ""Аркан плету"", говорит.";tigän;dialog;arqan iš-ä-m;low;PRS;RQM;nominal;no;non-verbal;;
ä šulaj ða min hine həjlap qajtarajəm bik šäp jeget ikänheŋ tigän batša;But still, I will offer you a meal, you are a very nice guy – said the king.;tigän;dialog;ä šulaj ða min hine həjlap qajtarajəm bik šäp jeget ikänheŋ;low;PC.PST;RQM;nominal;no;non-verbal;YNK;
jomro jomro jomɣaɣənə kürmänek tigän inde taɣə šunan beräühenä;haven't you seen a round ball? she asked again;tigän;dialog;jomro jomro jomɣaɣənə kürmänek;strong;PST;RQM;nominal;no;non-verbal;;
šunan qajɣərma qujanqajəm äjðä kittek tigän ätäs;then, don't cry my bunny, let's go, says cock;tigän;dialog;qajɣərma qujanqajəm äjðä kittek;strong;PST;RQM;nominal;no;non-verbal;;
ä nimä-gä käräk ul arqan ti-gän inde aždaha ;А зачем нужен этот аркан? говорит дракон.;tigän;dialog;ä nimä-gä käräk ul arqan;strong;non-verbal;RQM;nominal;no;non-verbal;;
qəðəqaj bik qajɣərɣan inähe ülmäθ elek uɣa šundaj vasəjat äjtep qaldərɣan ti bəna ošo( beððeŋ) mineŋ sülmäk bəl sülmäk miŋä inäjemdän qalɣajnə bəl sülmäkte min hiŋä tapšəram tigän ti bəl sülmäktän ber vaqətta la ajərəlma tigän ti;"The girl was very worried about her mother's death. When she was alive, she left her testament: ""Here is my pot, I inherited it from my mother, I'll give it to you. You should never leave this pot"".";tigän;tigän ti;bəna ošo( beððeŋ) mineŋ sülmäk bəl sülmäk miŋä inäjemdän qalɣajnə bəl sülmäkte min hiŋä tapšəram;medium;PRS;lmRQ;leave;yes;PC.PST;;
Ҡujan Ҡujan torɣan da -juq inde Тölköbikä (min hine) min bögön joqlamanəm, min bit xine qarauəllanəm bögön, bötön majəŋdə Аjəu aɣajɣa həlanəŋ tigän ti;"but the Hare stood and: ""No, Fox, I didn’t sleep today, I watched you today, you smeared all the butter on brother Bear"", she said";tigän;tigän ti;juq inde Тölköbikä (min hine) min bögön joqlamanəm, min bit xine qarauəllanəm bögön, bötön majəŋdə Аjəu aɣajɣa həlanəŋ;medium;PST;lmRQ;stand;yes;PC.PST;ZF;
bəlar jä ujanɣandar ða -nimä tip isem quštəŋ -Бaš bala tip isem quštəm tigän ti;"the others woke up (and asked) ""What did you call the child?"" ""I called (him) the Elder child"" she said.";tigän;tigän ti;Бaš bala tip isem quštəm;strong;PST;lmRQ;wake up;yes;PC.PST;;
qajtha -jä nindäj isem tip quštəŋ -Уrtansə bala tip quštəm, tigän ti,;when she returned (they asked) - and what did you name (him)? -I called (him) the Middle Child, she said, okay, the Middle Child, and everyone went to bed again;tigän;tigän ti;-jä nindäj isem tip quštəŋ -urtansə bala tip quštəm;medium;PST;lmRQ;return;yes;COND;;
birgändä qajtqasqəna asərəŋ tigän;while giving, she said when you arrive (at your house), open it;tigän;tigän;qajtqasqəna asərəŋ;strong;POT;lmRQ;give;yes;PC.PST;;
ajəw ujlap ujlap torɣan da jaraj miŋä tamərə bulhən tigän;bear was thinking and he said alright let me have roots;tigän;dialog;ajəw ujlap ujlap torɣan da jaraj miŋä tamərə bulhən;medium;IMP;lmRQ;think;no;PC.PST;RM;
"häm qəð ujlanəp torɣan da jaraj aptərama ataj min baram irtägä ""kil tigäs"" üðem baram baram tigän";And the girl thought and said: Ok, dad, don't worry, I will come tomorrow, if (the tsar) says to come, I will come, I will come.;tigän;dialog;"jaraj aptərama ataj min baram irtägä ""kil tigäs"" üðem baram baram";medium;PRS;lmRQ;think;no;PC.PST;ZF;
xäðer bəl ajəw hiðee... qəš könö hiðep qalɣan da äää miŋä halamə ɣəna buldə uɣa bašaɣə buldə min bit aldandəm tigän;during the winter the bear noticed that and said hmm I got roots, he got strikes, he cheated me;tigän;dialog;äää miŋä halamə ɣəna buldə uɣa bašaɣə buldə min bit aldandəm;low;PST;lmRQ;stay;no;PC.PST;;
batša hajran qalɣan hiŋä bəl (niðärðe) horauðarðə jauap birergä kem jarðam itä huŋ kemdän horanəŋ tigän;"The tsar was delighted: ""Who did you ask? Who helped you reply?"" – he said.";tigän;dialog;hiŋä bəl (niðärðe) horauðarðə jauap birergä kem jarðam itä huŋ kemdän horanəŋ;strong;PST;lmRQ;delighted;no;PC.PST;;
babaj taɣə qajɣəɣa qaləp ujlanəp qajtəp inä häm qəðə qaršəlaj ða ataj taɣə nindäj ni ujɣa töštöŋ nimägä qajɣərahəŋ tigän;"The old man came back home sad and perplexed again, and his daughter meets him and asks: ""Dad, what are you thinking about? Why are you sad?""";tigän;dialog;ataj taɣə nindäj ni ujɣa töštöŋ nimägä qajɣərahəŋ;strong;PRS;lmRQ;ask;no;PRS;;
bəl keše bəllarɣa aqəl öjrätkän heð qolondə ebäreɣeð ul kemde barəp imhä šunəŋ balahə bulər tigän;let the foal go, to whom it sucks, that is whose child it is – he said;tigän;tigän (farmed);heð qolondə ebäreɣeð ul kemde barəp imhä šunəŋ balahə bulər;strong;non-verbal;lmRQ;teach;yes;PC.PST;;
asəp qaraha sülmäkteŋ esendä ber nimä lä bulmaɣan ti qəðəqaj aptərəɣan tik bəl sülmäk saŋɣa batqan ti qajða min bəl sülmäkte həu bujəna aləp barəp jəuajəm äle matur itep esenä beräj nämä äjberðär haləp qujərmən tigän dä qəðəqaj həu bujəna töšöp kitkän ti;"She opened it, looked inside, there wasn't anything there. The girl was surprised. But this pot was dusty. ""I will bring this pot to a river and wash it properly. Then I will put something inside"" – she thought and went towards a river.";tigän;tigän;qajða min bəl sülmäkte həu bujəna aləp barəp jəuajəm äle matur itep esenä beräj nämä äjberðär haləp qujərmən;low;POT;RQM;go;yes;PC.PST;;
kilep tölkö öjðän səq tigän tölkö öjðän səqmajəm tip qəsqərɣan;they came, they said, go away, fox, and the fox screams I won’t leave the house;tigän;dialog;tölkö öjðän səq;strong;IMP;lmRQM;scream;no;PC.PST;;